catalog_version	database	rbp_name	canonical_rbp	source_names
2026-07-29	ornament	A1CF	A1CF	A1CF
2026-07-29	ornament	A2BP1	RBFOX1	A2BP1
2026-07-29	ornament	ANKHD1	ANKHD1	ANKHD1
2026-07-29	ornament	BOLL	BOLL	BOLL
2026-07-29	ornament	BRUNOL4	CELF4	BRUNOL4
2026-07-29	ornament	BRUNOL5	CELF5	BRUNOL5
2026-07-29	ornament	BRUNOL6	CELF6	BRUNOL6
2026-07-29	ornament	CELF1	CELF1	CELF1
2026-07-29	ornament	CNOT4	CNOT4	CNOT4
2026-07-29	ornament	CPEB1	CPEB1	CPEB1
2026-07-29	ornament	CPEB2	CPEB2	CPEB2
2026-07-29	ornament	CPEB4	CPEB4	CPEB4
2026-07-29	ornament	DAZ3	DAZ3	DAZ3
2026-07-29	ornament	DAZAP1	DAZAP1	DAZAP1
2026-07-29	ornament	EIF4B	EIF4B	EIF4B
2026-07-29	ornament	EIF4G2	EIF4G2	EIF4G2
2026-07-29	ornament	ELAVL1	ELAVL1	ELAVL1
2026-07-29	ornament	ELAVL4	ELAVL4	ELAVL4
2026-07-29	ornament	ENOX1	ENOX1	ENOX1
2026-07-29	ornament	ESRP1	ESRP1	ESRP1
2026-07-29	ornament	ESRP2	ESRP2	ESRP2
2026-07-29	ornament	EWSR1	EWSR1	EWSR1
2026-07-29	ornament	FUBP1	FUBP1	FUBP1
2026-07-29	ornament	FUBP3	FUBP3	FUBP3
2026-07-29	ornament	FUS	FUS	FUS
2026-07-29	ornament	FXR2	FXR2	FXR2
2026-07-29	ornament	Fmr1	FMR1	Fmr1
2026-07-29	ornament	G3BP2	G3BP2	G3BP2
2026-07-29	ornament	HNRNPA0	HNRNPA0	HNRNPA0
2026-07-29	ornament	HNRNPA1	HNRNPA1	HNRNPA1
2026-07-29	ornament	HNRNPA1L2	HNRNPA1L2	HNRNPA1L2
2026-07-29	ornament	HNRNPA2B1	HNRNPA2B1	HNRNPA2B1
2026-07-29	ornament	HNRNPAB	HNRNPAB	HNRNPAB
2026-07-29	ornament	HNRNPC	HNRNPC	HNRNPC
2026-07-29	ornament	HNRNPCL1	HNRNPCL1	HNRNPCL1
2026-07-29	ornament	HNRNPD	HNRNPD	HNRNPD
2026-07-29	ornament	HNRNPDL	HNRNPDL	HNRNPDL
2026-07-29	ornament	HNRNPF	HNRNPF	HNRNPF
2026-07-29	ornament	HNRNPH2	HNRNPH2	HNRNPH2
2026-07-29	ornament	HNRNPK	HNRNPK	HNRNPK
2026-07-29	ornament	HNRNPL	HNRNPL	HNRNPL
2026-07-29	ornament	IGF2BP1	IGF2BP1	IGF2BP1
2026-07-29	ornament	IGF2BP2	IGF2BP2	IGF2BP2
2026-07-29	ornament	IGF2BP3	IGF2BP3	IGF2BP3
2026-07-29	ornament	ILF2	ILF2	ILF2
2026-07-29	ornament	KHDRBS2	KHDRBS2	KHDRBS2
2026-07-29	ornament	KHDRBS3	KHDRBS3	KHDRBS3
2026-07-29	ornament	KHSRP	KHSRP	KHSRP
2026-07-29	ornament	Khdrbs1	KHDRBS1	Khdrbs1
2026-07-29	ornament	LIN28A	LIN28A	LIN28A
2026-07-29	ornament	MATR3	MATR3	MATR3
2026-07-29	ornament	MBNL1	MBNL1	MBNL1
2026-07-29	ornament	MSI1	MSI1	MSI1
2026-07-29	ornament	NOVA1	NOVA1	NOVA1
2026-07-29	ornament	NUPL2	NUPL2	NUPL2
2026-07-29	ornament	PABPC1	PABPC1	PABPC1
2026-07-29	ornament	PABPC3	PABPC3	PABPC3
2026-07-29	ornament	PABPC4	PABPC4	PABPC4
2026-07-29	ornament	PABPC5	PABPC5	PABPC5
2026-07-29	ornament	PABPN1	PABPN1	PABPN1
2026-07-29	ornament	PABPN1L	PABPN1L	PABPN1L
2026-07-29	ornament	PCBP1	PCBP1	PCBP1
2026-07-29	ornament	PCBP2	PCBP2	PCBP2
2026-07-29	ornament	PCBP4	PCBP4	PCBP4
2026-07-29	ornament	PPRC1	PPRC1	PPRC1
2026-07-29	ornament	PRR3	PRR3	PRR3
2026-07-29	ornament	PTBP1	PTBP1	PTBP1
2026-07-29	ornament	PTBP3	PTBP3	PTBP3
2026-07-29	ornament	PUF60	PUF60	PUF60
2026-07-29	ornament	PUM1	PUM1	PUM1
2026-07-29	ornament	QKI	QKI	QKI
2026-07-29	ornament	RALY	RALY	RALY
2026-07-29	ornament	RALYL	RALYL	RALYL
2026-07-29	ornament	RBFOX2	RBFOX2	RBFOX2
2026-07-29	ornament	RBFOX3	RBFOX3	RBFOX3
2026-07-29	ornament	RBM15B	RBM15B	RBM15B
2026-07-29	ornament	RBM22	RBM22	RBM22
2026-07-29	ornament	RBM23	RBM23	RBM23
2026-07-29	ornament	RBM24	RBM24	RBM24
2026-07-29	ornament	RBM25	RBM25	RBM25
2026-07-29	ornament	RBM28	RBM28	RBM28
2026-07-29	ornament	RBM3	RBM3	RBM3
2026-07-29	ornament	RBM4	RBM4	RBM4
2026-07-29	ornament	RBM41	RBM41	RBM41
2026-07-29	ornament	RBM42	RBM42	RBM42
2026-07-29	ornament	RBM45	RBM45	RBM45
2026-07-29	ornament	RBM46	RBM46	RBM46
2026-07-29	ornament	RBM47	RBM47	RBM47
2026-07-29	ornament	RBM4B	RBM4B	RBM4B
2026-07-29	ornament	RBM5	RBM5	RBM5
2026-07-29	ornament	RBM6	RBM6	RBM6
2026-07-29	ornament	RBM8A	RBM8A	RBM8A
2026-07-29	ornament	RBMS1	RBMS1	RBMS1
2026-07-29	ornament	RBMS2	RBMS2	RBMS2
2026-07-29	ornament	RBMS3	RBMS3	RBMS3
2026-07-29	ornament	RC3H1	RC3H1	RC3H1
2026-07-29	ornament	Rbm38	RBM38	Rbm38
2026-07-29	ornament	Rbp1	RBP1	Rbp1
2026-07-29	ornament	Rbp1like	RBP1LIKE	Rbp1like
2026-07-29	ornament	Rbp9	RBP9	Rbp9
2026-07-29	ornament	Rsf1	RSF1	Rsf1
2026-07-29	ornament	SAMD4A	SAMD4A	SAMD4A
2026-07-29	ornament	SART3	SART3	SART3
2026-07-29	ornament	SF1	SF1	SF1
2026-07-29	ornament	SFPQ	SFPQ	SFPQ
2026-07-29	ornament	SNRNP70	SNRNP70	SNRNP70
2026-07-29	ornament	SNRPA	SNRPA	SNRPA
2026-07-29	ornament	SRSF1	SRSF1	SF2;SRSF1
2026-07-29	ornament	SRSF10	SRSF10	SRSF10
2026-07-29	ornament	SRSF11	SRSF11	SRSF11
2026-07-29	ornament	SRSF2	SRSF2	SRSF2
2026-07-29	ornament	SRSF4	SRSF4	SRSF4
2026-07-29	ornament	SRSF5	SRSF5	SRSF5
2026-07-29	ornament	SRSF8	SRSF8	SRSF8
2026-07-29	ornament	SRSF9	SRSF9	SRSF9
2026-07-29	ornament	STARPAP	TUT1	STARPAP
2026-07-29	ornament	TAF15	TAF15	TAF15
2026-07-29	ornament	TARDBP	TARDBP	TARDBP
2026-07-29	ornament	TIA1	TIA1	TIA1
2026-07-29	ornament	TRA2A	TRA2A	TRA2A
2026-07-29	ornament	TRNAU1AP	TRNAU1AP	TRNAU1AP
2026-07-29	ornament	U2AF2	U2AF2	U2AF2
2026-07-29	ornament	UNK	UNK	UNK
2026-07-29	ornament	YB1	YBX1	YB1
2026-07-29	ornament	YBX2	YBX2	YBX2
2026-07-29	ornament	ZC3H10	ZC3H10	ZC3H10
2026-07-29	ornament	ZC3H14CONSTRUCT	ZC3H14	ZC3H14CONSTRUCT
2026-07-29	ornament	ZCRB1	ZCRB1	ZCRB1
2026-07-29	ornament	ZFP36	ZFP36	ZFP36
2026-07-29	ornament	ZNF326	ZNF326	ZNF326
2026-07-29	ornament	ZNF638	ZNF638	ZNF638
2026-07-29	ornament	hnRNPLL	HNRNPLL	hnRNPLL
2026-07-29	ornament	sf3b4	SF3B4	sf3b4
2026-07-29	encori	A1CF	A1CF	A1CF
2026-07-29	encori	AATF	AATF	AATF
2026-07-29	encori	ABCF1	ABCF1	ABCF1
2026-07-29	encori	ACIN1	ACIN1	ACIN1
2026-07-29	encori	ADAR	ADAR	ADAR
2026-07-29	encori	AIFM1	AIFM1	AIFM1
2026-07-29	encori	AKAP1	AKAP1	AKAP1
2026-07-29	encori	ALKBH1	ALKBH1	ALKBH1
2026-07-29	encori	ALKBH3	ALKBH3	ALKBH3
2026-07-29	encori	ALKBH5	ALKBH5	ALKBH5
2026-07-29	encori	ALYREF	ALYREF	ALYREF
2026-07-29	encori	APOBEC3C	APOBEC3C	APOBEC3C
2026-07-29	encori	APOBEC3F	APOBEC3F	APOBEC3F
2026-07-29	encori	APOBEC3G	APOBEC3G	APOBEC3G
2026-07-29	encori	AQR	AQR	AQR
2026-07-29	encori	ATXN2	ATXN2	ATXN2
2026-07-29	encori	AUH	AUH	AUH
2026-07-29	encori	BCCIP	BCCIP	BCCIP
2026-07-29	encori	BCL11B	BCL11B	BCL11B
2026-07-29	encori	BCLAF1	BCLAF1	BCLAF1
2026-07-29	encori	CAPRIN1	CAPRIN1	CAPRIN1
2026-07-29	encori	CDK1	CDK1	CDK1
2026-07-29	encori	CDK11B	CDK11B	CDK11B
2026-07-29	encori	CELF2	CELF2	CELF2
2026-07-29	encori	CENPC	CENPC	CENPC
2026-07-29	encori	CHD7	CHD7	CHD7
2026-07-29	encori	CHTOP	CHTOP	CHTOP
2026-07-29	encori	CNBP	CNBP	CNBP
2026-07-29	encori	COIL	COIL	COIL
2026-07-29	encori	CPEB4	CPEB4	CPEB4
2026-07-29	encori	CPSF1	CPSF1	CPSF1
2026-07-29	encori	CPSF2	CPSF2	CPSF2
2026-07-29	encori	CPSF3	CPSF3	CPSF3
2026-07-29	encori	CPSF4	CPSF4	CPSF4
2026-07-29	encori	CPSF6	CPSF6	CPSF6
2026-07-29	encori	CPSF7	CPSF7	CPSF7
2026-07-29	encori	CSTF2	CSTF2	CSTF2
2026-07-29	encori	CSTF2T	CSTF2T	CSTF2T
2026-07-29	encori	CTCF	CTCF	CTCF
2026-07-29	encori	DAP3	DAP3	DAP3
2026-07-29	encori	DCP1B	DCP1B	DCP1B
2026-07-29	encori	DDX21	DDX21	DDX21
2026-07-29	encori	DDX3X	DDX3X	DDX3X
2026-07-29	encori	DDX42	DDX42	DDX42
2026-07-29	encori	DDX5	DDX5	DDX5
2026-07-29	encori	DDX51	DDX51	DDX51
2026-07-29	encori	DDX52	DDX52	DDX52
2026-07-29	encori	DDX54	DDX54	DDX54
2026-07-29	encori	DDX6	DDX6	DDX6
2026-07-29	encori	DGCR8	DGCR8	DGCR8
2026-07-29	encori	DHX36	DHX36	DHX36
2026-07-29	encori	DHX9	DHX9	DHX9
2026-07-29	encori	DICER1	DICER1	DICER1
2026-07-29	encori	DKC1	DKC1	DKC1
2026-07-29	encori	DROSHA	DROSHA	DROSHA
2026-07-29	encori	EIF3A	EIF3A	EIF3A
2026-07-29	encori	EIF3B	EIF3B	EIF3B
2026-07-29	encori	EIF3D	EIF3D	EIF3D
2026-07-29	encori	EIF3G	EIF3G	EIF3G
2026-07-29	encori	EIF3H	EIF3H	EIF3H
2026-07-29	encori	EIF4A1	EIF4A1	EIF4A1
2026-07-29	encori	EIF4A3	EIF4A3	EIF4A3
2026-07-29	encori	EIF4E	EIF4E	EIF4E
2026-07-29	encori	EIF4G2	EIF4G2	EIF4G2
2026-07-29	encori	ELAVL1	ELAVL1	ELAVL1
2026-07-29	encori	ELAVL3	ELAVL3	ELAVL3
2026-07-29	encori	ENO1	ENO1	ENO1
2026-07-29	encori	EWSR1	EWSR1	EWSR1
2026-07-29	encori	EXOSC10	EXOSC10	EXOSC10
2026-07-29	encori	EXOSC3	EXOSC3	EXOSC3
2026-07-29	encori	EXOSC4	EXOSC4	EXOSC4
2026-07-29	encori	EXOSC5	EXOSC5	EXOSC5
2026-07-29	encori	FAM120A	FAM120A	FAM120A
2026-07-29	encori	FBL	FBL	FBL
2026-07-29	encori	FIP1L1	FIP1L1	FIP1L1
2026-07-29	encori	FKBP4	FKBP4	FKBP4
2026-07-29	encori	FMR1	FMR1	FMR1
2026-07-29	encori	FTO	FTO	FTO
2026-07-29	encori	FUBP1	FUBP1	FUBP1
2026-07-29	encori	FUBP3	FUBP3	FUBP3
2026-07-29	encori	FUS	FUS	FUS
2026-07-29	encori	FXR1	FXR1	FXR1
2026-07-29	encori	FXR2	FXR2	FXR2
2026-07-29	encori	G3BP1	G3BP1	G3BP1
2026-07-29	encori	G3BP2	G3BP2	G3BP2
2026-07-29	encori	GEMIN5	GEMIN5	GEMIN5
2026-07-29	encori	GNL3	GNL3	GNL3
2026-07-29	encori	GRSF1	GRSF1	GRSF1
2026-07-29	encori	GRWD1	GRWD1	GRWD1
2026-07-29	encori	GTF2F1	GTF2F1	GTF2F1
2026-07-29	encori	HDLBP	HDLBP	HDLBP
2026-07-29	encori	HEXIM1	HEXIM1	HEXIM1
2026-07-29	encori	HLTF	HLTF	HLTF
2026-07-29	encori	HNRNPA1	HNRNPA1	HNRNPA1
2026-07-29	encori	HNRNPA2B1	HNRNPA2B1	HNRNPA2B1
2026-07-29	encori	HNRNPC	HNRNPC	HNRNPC
2026-07-29	encori	HNRNPD	HNRNPD	HNRNPD
2026-07-29	encori	HNRNPF	HNRNPF	HNRNPF
2026-07-29	encori	HNRNPH1	HNRNPH1	HNRNPH1
2026-07-29	encori	HNRNPK	HNRNPK	HNRNPK
2026-07-29	encori	HNRNPL	HNRNPL	HNRNPL
2026-07-29	encori	HNRNPM	HNRNPM	HNRNPM
2026-07-29	encori	HNRNPU	HNRNPU	HNRNPU
2026-07-29	encori	HNRNPUL1	HNRNPUL1	HNRNPUL1
2026-07-29	encori	IFIT2	IFIT2	IFIT2
2026-07-29	encori	IGF2BP1	IGF2BP1	IGF2BP1
2026-07-29	encori	IGF2BP2	IGF2BP2	IGF2BP2
2026-07-29	encori	IGF2BP3	IGF2BP3	IGF2BP3
2026-07-29	encori	ILF2	ILF2	ILF2
2026-07-29	encori	ILF3	ILF3	ILF3
2026-07-29	encori	KHDRBS1	KHDRBS1	KHDRBS1
2026-07-29	encori	KHDRBS2	KHDRBS2	KHDRBS2
2026-07-29	encori	KHSRP	KHSRP	KHSRP
2026-07-29	encori	LARP1	LARP1	LARP1
2026-07-29	encori	LARP4B	LARP4B	LARP4B
2026-07-29	encori	LARP7	LARP7	LARP7
2026-07-29	encori	LIN28A	LIN28A	LIN28A
2026-07-29	encori	LIN28B	LIN28B	LIN28B
2026-07-29	encori	LRPPRC	LRPPRC	LRPPRC
2026-07-29	encori	LUC7L2	LUC7L2	LUC7L2
2026-07-29	encori	MAP1LC3B	MAP1LC3B	MAP1LC3B
2026-07-29	encori	MARF1	MARF1	MARF1
2026-07-29	encori	MATR3	MATR3	MATR3
2026-07-29	encori	MBNL1	MBNL1	MBNL1
2026-07-29	encori	MBNL2	MBNL2	MBNL2
2026-07-29	encori	METTL1	METTL1	METTL1
2026-07-29	encori	METTL14	METTL14	METTL14
2026-07-29	encori	METTL3	METTL3	METTL3
2026-07-29	encori	METTL5	METTL5	METTL5
2026-07-29	encori	MEX3A	MEX3A	MEX3A
2026-07-29	encori	MKRN1	MKRN1	MKRN1
2026-07-29	encori	MOV10	MOV10	MOV10
2026-07-29	encori	MSI1	MSI1	MSI1
2026-07-29	encori	MSI2	MSI2	MSI2
2026-07-29	encori	MTA1	MTA1	MTA1
2026-07-29	encori	MTDH	MTDH	MTDH
2026-07-29	encori	NAT10	NAT10	NAT10
2026-07-29	encori	NCBP3	NCBP3	NCBP3
2026-07-29	encori	NEMF	NEMF	NEMF
2026-07-29	encori	NIP7	NIP7	NIP7
2026-07-29	encori	NIPBL	NIPBL	NIPBL
2026-07-29	encori	NOLC1	NOLC1	NOLC1
2026-07-29	encori	NONO	NONO	NONO
2026-07-29	encori	NOP2	NOP2	NOP2
2026-07-29	encori	NOP56	NOP56	NOP56
2026-07-29	encori	NOP58	NOP58	NOP58
2026-07-29	encori	NOVA1	NOVA1	NOVA1
2026-07-29	encori	NPM1	NPM1	NPM1
2026-07-29	encori	NSUN2	NSUN2	NSUN2
2026-07-29	encori	NUDT16L1	NUDT16L1	NUDT16L1
2026-07-29	encori	NUDT21	NUDT21	NUDT21
2026-07-29	encori	NUMA1	NUMA1	NUMA1
2026-07-29	encori	NXF1	NXF1	NXF1
2026-07-29	encori	OAS1	OAS1	OAS1
2026-07-29	encori	OBI1	OBI1	OBI1
2026-07-29	encori	PABPC4	PABPC4	PABPC4
2026-07-29	encori	PABPN1	PABPN1	PABPN1
2026-07-29	encori	PARP1	PARP1	PARP1
2026-07-29	encori	PCBP1	PCBP1	PCBP1
2026-07-29	encori	PCBP2	PCBP2	PCBP2
2026-07-29	encori	PHF6	PHF6	PHF6
2026-07-29	encori	POLR2A	POLR2A	POLR2A
2026-07-29	encori	POLR2G	POLR2G	POLR2G
2026-07-29	encori	PRKDC	PRKDC	PRKDC
2026-07-29	encori	PRKRA	PRKRA	PRKRA
2026-07-29	encori	PRPF39	PRPF39	PRPF39
2026-07-29	encori	PRPF4	PRPF4	PRPF4
2026-07-29	encori	PRPF8	PRPF8	PRPF8
2026-07-29	encori	PTBP1	PTBP1	PTBP1
2026-07-29	encori	PUM1	PUM1	PUM1
2026-07-29	encori	PUM2	PUM2	PUM2
2026-07-29	encori	PUS10	PUS10	PUS10
2026-07-29	encori	PUS7	PUS7	PUS7
2026-07-29	encori	QKI	QKI	QKI
2026-07-29	encori	RANGAP1	RANGAP1	RANGAP1
2026-07-29	encori	RBFOX1	RBFOX1	RBFOX1
2026-07-29	encori	RBFOX2	RBFOX2	RBFOX2
2026-07-29	encori	RBM10	RBM10	RBM10
2026-07-29	encori	RBM12	RBM12	RBM12
2026-07-29	encori	RBM15	RBM15	RBM15
2026-07-29	encori	RBM15B	RBM15B	RBM15B
2026-07-29	encori	RBM17	RBM17	RBM17
2026-07-29	encori	RBM20	RBM20	RBM20
2026-07-29	encori	RBM22	RBM22	RBM22
2026-07-29	encori	RBM27	RBM27	RBM27
2026-07-29	encori	RBM39	RBM39	RBM39
2026-07-29	encori	RBM4	RBM4	RBM4
2026-07-29	encori	RBM47	RBM47	RBM47
2026-07-29	encori	RBM5	RBM5	RBM5
2026-07-29	encori	RBM7	RBM7	RBM7
2026-07-29	encori	RBMX	RBMX	RBMX
2026-07-29	encori	RBPMS	RBPMS	RBPMS
2026-07-29	encori	RC3H1	RC3H1	RC3H1
2026-07-29	encori	RELA	RELA	RELA
2026-07-29	encori	RNF10	RNF10	RNF10
2026-07-29	encori	RNMT	RNMT	RNMT
2026-07-29	encori	RNPS1	RNPS1	RNPS1
2026-07-29	encori	RO60	RO60	RO60
2026-07-29	encori	RPL29	RPL29	RPL29
2026-07-29	encori	RPL5	RPL5	RPL5
2026-07-29	encori	RPS3	RPS3	RPS3
2026-07-29	encori	RRBP1	RRBP1	RRBP1
2026-07-29	encori	RTCB	RTCB	RTCB
2026-07-29	encori	SAFB	SAFB	SAFB
2026-07-29	encori	SAFB2	SAFB2	SAFB2
2026-07-29	encori	SBDS	SBDS	SBDS
2026-07-29	encori	SCAF4	SCAF4	SCAF4
2026-07-29	encori	SCAF8	SCAF8	SCAF8
2026-07-29	encori	SDAD1	SDAD1	SDAD1
2026-07-29	encori	SERBP1	SERBP1	SERBP1
2026-07-29	encori	SF3A3	SF3A3	SF3A3
2026-07-29	encori	SF3B1	SF3B1	SF3B1
2026-07-29	encori	SF3B4	SF3B4	SF3B4
2026-07-29	encori	SFPQ	SFPQ	SFPQ
2026-07-29	encori	SIRT7	SIRT7	SIRT7
2026-07-29	encori	SLBP	SLBP	SLBP
2026-07-29	encori	SLTM	SLTM	SLTM
2026-07-29	encori	SMN1	SMN1	SMN1
2026-07-29	encori	SMNDC1	SMNDC1	SMNDC1
2026-07-29	encori	SND1	SND1	SND1
2026-07-29	encori	SNRPA	SNRPA	SNRPA
2026-07-29	encori	SOX2	SOX2	SOX2
2026-07-29	encori	SP1	SP1	SP1
2026-07-29	encori	SRRM4	SRRM4	SRRM4
2026-07-29	encori	SRSF1	SRSF1	SRSF1
2026-07-29	encori	SRSF2	SRSF2	SRSF2
2026-07-29	encori	SRSF3	SRSF3	SRSF3
2026-07-29	encori	SRSF5	SRSF5	SRSF5
2026-07-29	encori	SRSF6	SRSF6	SRSF6
2026-07-29	encori	SRSF7	SRSF7	SRSF7
2026-07-29	encori	SRSF9	SRSF9	SRSF9
2026-07-29	encori	SSB	SSB	SSB
2026-07-29	encori	STAU2	STAU2	STAU2
2026-07-29	encori	SUPV3L1	SUPV3L1	SUPV3L1
2026-07-29	encori	TAF15	TAF15	TAF15
2026-07-29	encori	TARBP2	TARBP2	TARBP2
2026-07-29	encori	TARDBP	TARDBP	TARDBP
2026-07-29	encori	TENT4B	TENT4B	TENT4B
2026-07-29	encori	TFIP11	TFIP11	TFIP11
2026-07-29	encori	TIA1	TIA1	TIA1
2026-07-29	encori	TIAL1	TIAL1	TIAL1
2026-07-29	encori	TNRC6A	TNRC6A	TNRC6A
2026-07-29	encori	TNRC6B	TNRC6B	TNRC6B
2026-07-29	encori	TNRC6C	TNRC6C	TNRC6C
2026-07-29	encori	TOP3B	TOP3B	TOP3B
2026-07-29	encori	TRA2A	TRA2A	TRA2A
2026-07-29	encori	TRA2B	TRA2B	TRA2B
2026-07-29	encori	TRIM25	TRIM25	TRIM25
2026-07-29	encori	TRMT10A	TRMT10A	TRMT10A
2026-07-29	encori	TRMT13	TRMT13	TRMT13
2026-07-29	encori	TUT1	TUT1	TUT1
2026-07-29	encori	U2AF1	U2AF1	U2AF1
2026-07-29	encori	U2AF2	U2AF2	U2AF2
2026-07-29	encori	UPF1	UPF1	UPF1
2026-07-29	encori	UTP18	UTP18	UTP18
2026-07-29	encori	UTP3	UTP3	UTP3
2026-07-29	encori	VIM	VIM	VIM
2026-07-29	encori	WDR3	WDR3	WDR3
2026-07-29	encori	WDR33	WDR33	WDR33
2026-07-29	encori	WDR4	WDR4	WDR4
2026-07-29	encori	WDR43	WDR43	WDR43
2026-07-29	encori	WRN	WRN	WRN
2026-07-29	encori	WTAP	WTAP	WTAP
2026-07-29	encori	XRN2	XRN2	XRN2
2026-07-29	encori	YBX1	YBX1	YBX1
2026-07-29	encori	YBX3	YBX3	YBX3
2026-07-29	encori	YTHDC1	YTHDC1	YTHDC1
2026-07-29	encori	YTHDC2	YTHDC2	YTHDC2
2026-07-29	encori	YTHDF1	YTHDF1	YTHDF1
2026-07-29	encori	YTHDF2	YTHDF2	YTHDF2
2026-07-29	encori	YTHDF3	YTHDF3	YTHDF3
2026-07-29	encori	YWHAG	YWHAG	YWHAG
2026-07-29	encori	ZC3H11A	ZC3H11A	ZC3H11A
2026-07-29	encori	ZC3H7B	ZC3H7B	ZC3H7B
2026-07-29	encori	ZC3H8	ZC3H8	ZC3H8
2026-07-29	encori	ZC3HAV1	ZC3HAV1	ZC3HAV1
2026-07-29	encori	ZCCHC14	ZCCHC14	ZCCHC14
2026-07-29	encori	ZCCHC4	ZCCHC4	ZCCHC4
2026-07-29	encori	ZFP36	ZFP36	ZFP36
2026-07-29	encori	ZNF184	ZNF184	ZNF184
2026-07-29	encori	ZNF800	ZNF800	ZNF800
2026-07-29	postar3	AARS	AARS	AARS
2026-07-29	postar3	AATF	AATF	AATF
2026-07-29	postar3	ABCF1	ABCF1	ABCF1
2026-07-29	postar3	ACI	ACI	ACI
2026-07-29	postar3	AGGF1	AGGF1	AGGF1
2026-07-29	postar3	AGO2	AGO2	AGO2
2026-07-29	postar3	AKAP1	AKAP1	AKAP1
2026-07-29	postar3	AKAP8L	AKAP8L	AKAP8L
2026-07-29	postar3	ALKBH1	ALKBH1	ALKBH1
2026-07-29	postar3	ALKBH5	ALKBH5	ALKBH5
2026-07-29	postar3	ALYREF	ALYREF	ALYREF
2026-07-29	postar3	APOBEC3C	APOBEC3C	APOBEC3C
2026-07-29	postar3	AQR	AQR	AQR
2026-07-29	postar3	ATXN2	ATXN2	ATXN2
2026-07-29	postar3	BCCIP	BCCIP	BCCIP
2026-07-29	postar3	BCLAF1	BCLAF1	BCLAF1
2026-07-29	postar3	BUD13	BUD13	BUD13
2026-07-29	postar3	CAPRIN1	CAPRIN1	CAPRIN1
2026-07-29	postar3	CDC40	CDC40	CDC40
2026-07-29	postar3	CELF2	CELF2	CELF2
2026-07-29	postar3	CHTOP	CHTOP	CHTOP
2026-07-29	postar3	CNBP	CNBP	CNBP
2026-07-29	postar3	CPEB4	CPEB4	CPEB4
2026-07-29	postar3	CPSF1	CPSF1	CPSF1
2026-07-29	postar3	CPSF2	CPSF2	CPSF2
2026-07-29	postar3	CPSF3	CPSF3	CPSF3
2026-07-29	postar3	CPSF4	CPSF4	CPSF4
2026-07-29	postar3	CPSF6	CPSF6	CPSF6
2026-07-29	postar3	CPSF7	CPSF7	CPSF7
2026-07-29	postar3	CSTF2	CSTF2	CSTF2
2026-07-29	postar3	CSTF2T	CSTF2T	CSTF2T
2026-07-29	postar3	DDX21	DDX21	DDX21
2026-07-29	postar3	DDX24	DDX24	DDX24
2026-07-29	postar3	DDX3X	DDX3X	DDX3X;DDX3
2026-07-29	postar3	DDX42	DDX42	DDX42
2026-07-29	postar3	DDX51	DDX51	DDX51
2026-07-29	postar3	DDX52	DDX52	DDX52
2026-07-29	postar3	DDX55	DDX55	DDX55
2026-07-29	postar3	DDX59	DDX59	DDX59
2026-07-29	postar3	DDX6	DDX6	DDX6
2026-07-29	postar3	DGCR8	DGCR8	DGCR8
2026-07-29	postar3	DHX30	DHX30	DHX30
2026-07-29	postar3	DICER1	DICER1	DICER1
2026-07-29	postar3	DIS3L2	DIS3L2	DIS3L2
2026-07-29	postar3	DKC1	DKC1	DKC1
2026-07-29	postar3	DROSHA	DROSHA	DROSHA
2026-07-29	postar3	EFTUD2	EFTUD2	EFTUD2
2026-07-29	postar3	EIF3A	EIF3A	EIF3A
2026-07-29	postar3	EIF3B	EIF3B	EIF3B
2026-07-29	postar3	EIF3D	EIF3D	EIF3D
2026-07-29	postar3	EIF3G	EIF3G	EIF3G
2026-07-29	postar3	EIF3H	EIF3H	EIF3H
2026-07-29	postar3	EIF4A3	EIF4A3	EIF4A3
2026-07-29	postar3	EIF4G2	EIF4G2	EIF4G2
2026-07-29	postar3	ELAVL1	ELAVL1	ELAVL1
2026-07-29	postar3	EWSR1	EWSR1	EWSR1
2026-07-29	postar3	EXOSC5	EXOSC5	EXOSC5
2026-07-29	postar3	EZH2	EZH2	EZH2
2026-07-29	postar3	FAM120A	FAM120A	FAM120A
2026-07-29	postar3	FASTKD2	FASTKD2	FASTKD2
2026-07-29	postar3	FBL	FBL	FBL
2026-07-29	postar3	FIP1L1	FIP1L1	FIP1L1
2026-07-29	postar3	FKBP4	FKBP4	FKBP4
2026-07-29	postar3	FMR1	FMR1	FMR1
2026-07-29	postar3	FTO	FTO	FTO
2026-07-29	postar3	FUBP3	FUBP3	FUBP3
2026-07-29	postar3	FUS	FUS	FUS
2026-07-29	postar3	FXR1	FXR1	FXR1
2026-07-29	postar3	FXR2	FXR2	FXR2
2026-07-29	postar3	G3BP1	G3BP1	G3BP1
2026-07-29	postar3	GEMIN5	GEMIN5	GEMIN5
2026-07-29	postar3	GNL3	GNL3	GNL3
2026-07-29	postar3	GPKOW	GPKOW	GPKOW
2026-07-29	postar3	GRSF1	GRSF1	GRSF1
2026-07-29	postar3	GRWD1	GRWD1	GRWD1
2026-07-29	postar3	GTF2F1	GTF2F1	GTF2F1
2026-07-29	postar3	HLTF	HLTF	HLTF
2026-07-29	postar3	HNRNPA1	HNRNPA1	HNRNPA1
2026-07-29	postar3	HNRNPA2B1	HNRNPA2B1	HNRNPA2B1
2026-07-29	postar3	HNRNPC	HNRNPC	HNRNPC
2026-07-29	postar3	HNRNPD	HNRNPD	HNRNPD
2026-07-29	postar3	HNRNPF	HNRNPF	HNRNPF
2026-07-29	postar3	HNRNPH1	HNRNPH1	HNRNPH1;HNRNPH
2026-07-29	postar3	HNRNPK	HNRNPK	HNRNPK
2026-07-29	postar3	HNRNPL	HNRNPL	HNRNPL
2026-07-29	postar3	HNRNPM	HNRNPM	HNRNPM
2026-07-29	postar3	HNRNPU	HNRNPU	HNRNPU
2026-07-29	postar3	HNRNPUL1	HNRNPUL1	HNRNPUL1
2026-07-29	postar3	IGF2BP1	IGF2BP1	IGF2BP1
2026-07-29	postar3	IGF2BP2	IGF2BP2	IGF2BP2
2026-07-29	postar3	IGF2BP3	IGF2BP3	IGF2BP3
2026-07-29	postar3	ILF3	ILF3	ILF3
2026-07-29	postar3	IMP3	IMP3	IMP3
2026-07-29	postar3	KHDRBS1	KHDRBS1	KHDRBS1
2026-07-29	postar3	KHSRP	KHSRP	KHSRP
2026-07-29	postar3	LARP4	LARP4	LARP4
2026-07-29	postar3	LARP7	LARP7	LARP7
2026-07-29	postar3	LIN28A	LIN28A	LIN28A
2026-07-29	postar3	LIN28B	LIN28B	LIN28B
2026-07-29	postar3	LSM11	LSM11	LSM11
2026-07-29	postar3	MATR3	MATR3	MATR3
2026-07-29	postar3	MBNL2	MBNL2	MBNL2
2026-07-29	postar3	METAP2	METAP2	METAP2
2026-07-29	postar3	METTL14	METTL14	METTL14
2026-07-29	postar3	METTL3	METTL3	METTL3
2026-07-29	postar3	MKRN1	MKRN1	MKRN1
2026-07-29	postar3	MOV10	MOV10	MOV10
2026-07-29	postar3	MTPAP	MTPAP	MTPAP
2026-07-29	postar3	NCBP2	NCBP2	NCBP2
2026-07-29	postar3	NCBP3	NCBP3	NCBP3
2026-07-29	postar3	NIP7	NIP7	NIP7
2026-07-29	postar3	NIPBL	NIPBL	NIPBL
2026-07-29	postar3	NKRF	NKRF	NKRF
2026-07-29	postar3	NOL12	NOL12	NOL12
2026-07-29	postar3	NOLC1	NOLC1	NOLC1
2026-07-29	postar3	NONO	NONO	NONO
2026-07-29	postar3	NOP56	NOP56	NOP56
2026-07-29	postar3	NOP58	NOP58	NOP58
2026-07-29	postar3	NPM1	NPM1	NPM1
2026-07-29	postar3	NSUN2	NSUN2	NSUN2
2026-07-29	postar3	NUDT21	NUDT21	NUDT21
2026-07-29	postar3	NXF1	NXF1	NXF1
2026-07-29	postar3	PABPC4	PABPC4	PABPC4
2026-07-29	postar3	PABPN1	PABPN1	PABPN1
2026-07-29	postar3	PCBP1	PCBP1	PCBP1
2026-07-29	postar3	PCBP2	PCBP2	PCBP2
2026-07-29	postar3	PHF6	PHF6	PHF6
2026-07-29	postar3	POLR2G	POLR2G	POLR2G
2026-07-29	postar3	PPIG	PPIG	PPIG
2026-07-29	postar3	PPIL4	PPIL4	PPIL4
2026-07-29	postar3	PRKRA	PRKRA	PRKRA
2026-07-29	postar3	PRPF4	PRPF4	PRPF4
2026-07-29	postar3	PRPF8	PRPF8	PRPF8
2026-07-29	postar3	PTBP1	PTBP1	PTBP1
2026-07-29	postar3	PUM1	PUM1	PUM1
2026-07-29	postar3	PUM2	PUM2	PUM2
2026-07-29	postar3	PUS1	PUS1	PUS1
2026-07-29	postar3	QKI	QKI	QKI
2026-07-29	postar3	RBFOX1	RBFOX1	RBFOX1
2026-07-29	postar3	RBFOX2	RBFOX2	RBFOX2
2026-07-29	postar3	RBM10	RBM10	RBM10
2026-07-29	postar3	RBM15	RBM15	RBM15
2026-07-29	postar3	RBM15B	RBM15B	RBM15B
2026-07-29	postar3	RBM22	RBM22	RBM22
2026-07-29	postar3	RBM47	RBM47	RBM47
2026-07-29	postar3	RBM5	RBM5	RBM5
2026-07-29	postar3	RBPMS	RBPMS	RBPMS
2026-07-29	postar3	RPS11	RPS11	RPS11
2026-07-29	postar3	RPS3	RPS3	RPS3
2026-07-29	postar3	RTCB	RTCB	RTCB
2026-07-29	postar3	SAFB	SAFB	SAFB
2026-07-29	postar3	SAFB2	SAFB2	SAFB2
2026-07-29	postar3	SBDS	SBDS	SBDS
2026-07-29	postar3	SDAD1	SDAD1	SDAD1
2026-07-29	postar3	SDOS	SDOS	SDOS
2026-07-29	postar3	SERBP1	SERBP1	SERBP1
2026-07-29	postar3	SF3A3	SF3A3	SF3A3
2026-07-29	postar3	SF3B1	SF3B1	SF3B1
2026-07-29	postar3	SF3B4	SF3B4	SF3B4
2026-07-29	postar3	SFPQ	SFPQ	SFPQ
2026-07-29	postar3	SLBP	SLBP	SLBP
2026-07-29	postar3	SLTM	SLTM	SLTM
2026-07-29	postar3	SMN	SMN	SMN
2026-07-29	postar3	SMNDC1	SMNDC1	SMNDC1
2026-07-29	postar3	SND1	SND1	SND1
2026-07-29	postar3	SRRM4	SRRM4	SRRM4
2026-07-29	postar3	SRSF1	SRSF1	SRSF1
2026-07-29	postar3	SRSF10	SRSF10	SRSF10
2026-07-29	postar3	SRSF3	SRSF3	SRSF3
2026-07-29	postar3	SRSF7	SRSF7	SRSF7
2026-07-29	postar3	SRSF9	SRSF9	SRSF9
2026-07-29	postar3	SSB	SSB	SSB
2026-07-29	postar3	STAU1	STAU1	STAU1
2026-07-29	postar3	STAU2	STAU2	STAU2
2026-07-29	postar3	SUB1	SUB1	SUB1
2026-07-29	postar3	SUGP2	SUGP2	SUGP2
2026-07-29	postar3	SUPV3L1	SUPV3L1	SUPV3L1
2026-07-29	postar3	TAF15	TAF15	TAF15
2026-07-29	postar3	TARBP2	TARBP2	TARBP2
2026-07-29	postar3	TARDBP	TARDBP	TARDBP;TDP43
2026-07-29	postar3	TBRG4	TBRG4	TBRG4
2026-07-29	postar3	TIA1	TIA1	TIA1
2026-07-29	postar3	TIAL1	TIAL1	TIAL1
2026-07-29	postar3	TNRC6A	TNRC6A	TNRC6A
2026-07-29	postar3	TNRC6B	TNRC6B	TNRC6B
2026-07-29	postar3	TNRC6C	TNRC6C	TNRC6C
2026-07-29	postar3	TRA2A	TRA2A	TRA2A
2026-07-29	postar3	TROVE2	TROVE2	TROVE2
2026-07-29	postar3	U2AF1	U2AF1	U2AF1
2026-07-29	postar3	U2AF2	U2AF2	U2AF2;U2AF65
2026-07-29	postar3	UCHL5	UCHL5	UCHL5
2026-07-29	postar3	UNR	UNR	UNR
2026-07-29	postar3	UPF1	UPF1	UPF1
2026-07-29	postar3	UTP18	UTP18	UTP18
2026-07-29	postar3	UTP3	UTP3	UTP3
2026-07-29	postar3	WDR3	WDR3	WDR3
2026-07-29	postar3	WDR33	WDR33	WDR33
2026-07-29	postar3	WDR43	WDR43	WDR43
2026-07-29	postar3	WRN	WRN	WRN
2026-07-29	postar3	WTAP	WTAP	WTAP
2026-07-29	postar3	XPO5	XPO5	XPO5
2026-07-29	postar3	XRCC6	XRCC6	XRCC6
2026-07-29	postar3	XRN2	XRN2	XRN2
2026-07-29	postar3	YBX3	YBX3	YBX3
2026-07-29	postar3	YTHDC1	YTHDC1	YTHDC1
2026-07-29	postar3	YTHDC2	YTHDC2	YTHDC2
2026-07-29	postar3	YTHDF1	YTHDF1	YTHDF1
2026-07-29	postar3	YTHDF2	YTHDF2	YTHDF2
2026-07-29	postar3	YTHDF3	YTHDF3	YTHDF3
2026-07-29	postar3	YWHAG	YWHAG	YWHAG
2026-07-29	postar3	ZC3H11A	ZC3H11A	ZC3H11A
2026-07-29	postar3	ZC3H7B	ZC3H7B	ZC3H7B
2026-07-29	postar3	ZC3H8	ZC3H8	ZC3H8
2026-07-29	postar3	ZNF622	ZNF622	ZNF622
2026-07-29	postar3	ZNF800	ZNF800	ZNF800
2026-07-29	postar3	ZRANB2	ZRANB2	ZRANB2
